{
    "roc_auc": [
        0.7241598373673845,
        0.6934756368718633,
        0.7433136395400546
    ],
    "sensitivity": [
        0.7547169811320755,
        0.6226415094339622,
        0.6415094339622641
    ],
    "specificity": [
        0.6936026936026936,
        0.7643097643097643,
        0.8451178451178452
    ],
    "f1_score": [
        0.43478260869565216,
        0.42307692307692313,
        0.5112781954887219
    ],
    "accuracy": [
        0.7028571428571428,
        0.7428571428571429,
        0.8142857142857143
    ]
}